Если сновидение было туманным и плохо запомнилось, то придавать значение таким снам не стоит. Плохой сон может быть навеян переживаниями прошлого. А вот приятный сон укажет позитивный вектор на весь ближайший месяц.
Сны прошедшей ночи дают подсказку, помогающую определиться в жизненной ситуации, если Вы сейчас на перепутье. После интерпритации сна, можно понять, на правильном ли пути Вы находитесь и какой выбор сделать.
Сны прошедшей ночи не сбываются, но благодаря им можно понять насколько эффективно и рационально Вы тратите свою энергию. Если после сна Вы не отдохнули, стоит пересмотреть точку приложения собственных сил.
Сны прошедшей ночи важны и связаны с родителями, корнями, традициями и родом. Сон может пролить свет на то, какие проблемы прошлого, требующие решения в настоящем.
Сны прошедшей ночи сбываются, только если они полны позитива. В случае неприятного сна важно направить фокус внимания на здоровье и самочувствие.
Сны прошедшей ночи подсвечивают незакрытые гештальты и долги. Они указывают на какое-то дело, которое необходимо завершить, или человека, которому нужно что-то отдать.
Сны прошедшей ночи могут быть пророческими и быстро сбыться. Особое внимание стоит уделить словам, услышанным во сне. 
Сны прошедшей ночи зачастую вещие. Они указывают на возможности и задачи, которые Вы в силах реализовать. Также могут присниться задачи и проблемы, которые ждут нашего участия.
Сны прошедшей ночи могут быть тяжелыми и неприятными, но они пустые, верить им не стоит. Эти сны не сбываются, но подсказыают проблемы, которые кроются в нашем подсознании.
Сны прошедшей ночи не вещие, исполняются крайне редко, хотя могут быть красочны и приятны. Сны могут быть тесно связаны с нашим родом, поэтому можно во сне увидеть близких. В таком случае имеет смысл их проанализировать.
Сны показывают, насколько гармонично мы двигаемся в материальном и духовном мире. Если сон не особо приятный, стоит подумать из-за чего случился перекос и почему материальная составляющая превалирует над духовной.
Сны прошедшей ночи указывают на ваши приоритеты и ценности. Материальные сны говорят о том, что не хватает духовного развития. Если приснились возвышенные сны, то важно больше времени посвящать материльному миру.
Сны прошедшей ночи правдивы и отражают проблемы, которые Вам еще предстоит решить.Сны подсказывают, что нужно изменить в себе, чтобы не наступать на одни и те же грабли.
Сны прошедшей ночи вещие, особенно, если перед сном Вы думали о насущном вопросе. Но если сны грустные или печальные, то, скорее всего, не несут важной информации, а лишь отражают состояние перегруженность нервной системы.
Сны прошедшей ночи отражают Ваш вектор в жизни. Если Вам снилось что-то мрачное и неприятное, то, возможно, пора проанализировать свою жизнь и сменить расстановку приоритетов. Если сон снился светлый и приятный, можно продолжать двигаться в выбранном направлении.
Сны прошедшей ночи практически никакой информации не несут, не стремитесь их интерпретировать. Главная задача этого сна помочь нашему подсознанию снять накопившиеся напряжение и привести его к равновесию.
Сны прошедшей ночи отражают, насколько гармонично идет реализация творческой энергии. Если Вам снится приятный сон, после которого следует легкое пробуждение, значит в жизни Вы вполне успешно себя реализуете. Если же Вас беспокоили тяжелые сны, пересмотрите свои истинные цели.
Сны прошедшей ночи отражают Вашу потребность в лучшей жизни. имеет смысл реализовать увиденное во сне. Некоторые сновидения могут показать способ лечения болезни и помогают поправить Ваше здоровье.
Сны прошедшей ночи могут быть неприятными, но верить им не стоит. Образы из сновидения могут иметь лишь символический характер.
Снам этой ночи не свойственно сбываться. Они больше сказочные, чем реалистичные. Но помогают осмыслить события прошлого и настоящего.
Сны этих суток показывают, насколько проявляется в жизни Ваша творческая энергия. Если сон Вас расстроил, имеет смысл поискать себе дело по душе. В других аспектах сны не имеют значения и редко сбываются.
Сны прошедшей ночи могут быть важными, отнеситесь к ним внимательно. Информация из снов способна продвинуть Вас в решении насущных проблем, дать ответы на волнующие вопросы.
Сны прошедшей ночи обманчивы и противоположны действительности. Стоит понимать их с точностью да наоборот. Можно не зацикливаться на увиденном сне.
Сны прошедшей ночи говорят о сексуальной и творческой энергии. Если сон был неприятный, то где-то Вы себя зажимаете и не реализуете. Если сон порадовал, значит, с раскрытием своего сексуального потенциала все в порядке.
Сны говорят о Вашей миссии на этой земле, содержат скрытые посылы и могут сбываться. Такие сны нужно интерпритировать с помощью интуиции, опираясь на то, что значат те или иные символы из сна конкретно для Вас.
Сны прошедшей ночи дают подсказки о самооценке, которая может быть завышена в сторону самовлюбленности, либо занижена, когда Вы себя не цените. Сны говорят о тех чертах характера, которые имеет смысл поумерить.
Сны прошедшей ночи сбываются и могут нести важную информацию. Постарайтесь понять их посыл про себя и свою жизнь. Но эти сны полны символизма, поэтому не интерпритируйте их в лоб.
Сны прошедшей ночи показывают возможные сложности и трудности, из-за которых у вас может не получаться наладить сферу любви и чувств. Если снится дурной сон, то в жизни рекомендуется больше выражать свои эмоции, а не подавлять их.
Сны прошедшей ночи могут быть неприятными и тяжелыми. Через них подсознание показывает груз накопленных проблем и переживаний. По нему можно понять, что больше всего беспокоит Вас на данный момент.
Сны прошедшей ночи редко бывают вещими, но могут подсказать решение какой-то волнующей Вас проблемы.
